{"cameraMode":{"drawMode":0,"name":"Shaded","section":"Shading Mode"},"sceneLighting":false,"audioPlay":false,"sceneViewState":{"showFog":true,"showMaterialUpdate":true,"showSkybox":true,"showFlares":true,"showImageEffects":true,"showParticleSystems":true},"in2DMode":false,"pivot":{"x":-1.8700001239776612,"y":1.7474170923233033,"z":-3.234999895095825},"rotation":{"x":0.23444552719593049,"y":0.052465084940195087,"z":-0.012672397308051587,"w":0.9706305861473084},"size":13.635931015014649,"orthographic":false}