{"cameraMode":{"drawMode":0,"name":"Shaded","section":"Shading Mode"},"sceneLighting":false,"audioPlay":false,"sceneViewState":{"showFog":true,"showMaterialUpdate":true,"showSkybox":true,"showFlares":true,"showImageEffects":true,"showParticleSystems":true},"in2DMode":false,"pivot":{"x":4.838500022888184,"y":1.7899999618530274,"z":3.8949999809265138},"rotation":{"x":-0.04241001233458519,"y":-0.6666001081466675,"z":0.03803784027695656,"w":-0.7432377934455872},"size":12.041918754577637,"orthographic":false}