{"cameraMode":{"drawMode":0,"name":"Shaded","section":"Shading Mode"},"sceneLighting":true,"audioPlay":false,"sceneViewState":{"showFog":true,"showMaterialUpdate":true,"showSkybox":true,"showFlares":true,"showImageEffects":true,"showParticleSystems":true},"in2DMode":false,"pivot":{"x":6.519999980926514,"y":2.573146104812622,"z":18.139999389648439},"rotation":{"x":-0.29920417070388796,"y":-0.046321604400873187,"z":0.014716326259076596,"w":-0.9530429244041443},"size":30.853822708129884,"orthographic":true}